categorie;question
Python;Qu'est-ce que Python?
Python;Pourquoi les développeurs utilisent-ils Python pour l'analyse de données?
Python;Quels sont les avantages de la syntaxe de Python pour les débutants en programmation?
Python;Dans quels domaines Python est-il utilisé?
Python;Quelles entreprises utilisent largement Python?
Python;Qu'est-ce qu'une liste en Python?
Animaux;Qu'est-ce que le python royal?
Animaux;Qu'est-ce qui est célèbre chez les pandas géants?
Animaux;Comment les pythons capturent-ils leur proie?
Animaux;Qu'est-ce que les pandas roux?
Animaux;Que mangent principalement les pandas?
Animaux;Quelle est la taille maximale qu'un python peut atteindre?
Python;Quelle est la différence entre Python 2 et Python 3?
Animaux;Quels sont les prédateurs naturels du python royal?
Python;Quelles sont les principales caractéristiques de la programmation orientée objet en Python?
Animaux;Quelle est la durée de gestation des pandas?
Python;Quels sont les frameworks web populaires utilisés avec Python?
Animaux;Comment les pandas roux sont-ils adaptés à leur environnement?
